ind,
367801,
367806,
367807,
464591,
367811,
367812,
464595,
367819,
367828,
367831,
367836,
464641,
367848,
367868,
464716,
464717,
464719,
464720,
367875,
367891,
367894,
464734,
367898,
367900,
367904,
367912,
367920,
367921,
367922,
367931,
464799,
464800,
464840,
464842,
464843,
464882,
464884,
464935,
464958,
464959,
464960,
464962,
464972,
464974,
464979,
464985,
464996,
465000,
465001,
367976,
367977,
367980,
367988,
367989,
465043,
465055,
465075,
367999,
465113,
465145,
465155,
465159,
465160,
465161,
465168,
465170,
465175,
465180,
465181,
465187,
465197,
465198,
368090,
368091,
368092,
465203,
465214,
465216,
465220,
465224,
465225,
368117,
368118,
368119,
465249,
465250,
465253,
368132,
368134,
368141,
368145,
465260,
368157,
368160,
368161,
465277,
368169,
465316,
465330,
465333,
465352,
465361,
465424,
465430,
465496,
465517,
465552,
465553,
465602,
465612,
465632,
465673,
368362,
368364,
465754,
465756,
465776,
465822,
465826,
465860,
465863,
465878,
465896,
465897,
465923,
465960,
368447,
368450,
368455,
466058,
466073,
368491,
466114,
466115,
466891,
466893,
466894,
466897,
466910,
466912,
467011,
467012,
467013,
467036,
467049,
467052,
467069,
467100,
467101,
467180,
467186,
467189,
467191,
467194,
467196,
467199,
467206,
467207,
467211,
467248,
467257,
467264,
467320,
467335,
467366,
467394,
467456,
467510,
467513,
467517,
467519,
467523,
369046,
369061,
467579,
467581,
467606,
467609,
467623,
467631,
467667,
467822,
467834,
467835,
467836,
467841,
467842,
467846,
467848,
467849,
467854,
467859,
467861,
467877,
467903,
467906,
468122,
468147,
468148,
369342,
369345,
369347,
369348,
369350,
369355,
369363,
369364,
369379,
369384,
468258,
369403,
468295,
468397,
468407,
468422,
369447,
369450,
468450,
369451,
468467,
468556,
468563,
468570,
468571,
468582,
468622,
369501,
369520,
468848,
369557,
468896,
468902,
468913,
468915,
468919,
468920,
468921,
468922,
468925,
468929,
468933,
468935,
468949,
468978,
468982,
369650,
369683,
469071,
469072,
469075,
469077,
469079,
469080,
469085,
469086,
469088,
469089,
469097,
469098,
469099,
469100,
469101,
469107,
469110,
369758,
469200,
469202,
469206,
469208,
469210,
469211,
469212,
469215,
469216,
469217,
469218,
469231,
469232,
469256,
469330,
469409,
469506,
469507,
469508,
469522,
369892,
369904,
469608,
469620,
469660,
469662,
469666,
469668,
469669,
469676,
469682,
469686,
469710,
469719,
369977,
469763,
469766,
469778,
469785,
469786,
469794,
469798,
469818,
469858,
469886,
469887,
469894,
469896,
469898,
469904,
469908,
469909,
469910,
370074,
469928,
469929,
469931,
469932,
469936,
469938,
469961,
469963,
469967,
469970,
469983,
469985,
469992,
469994,
469998,
470000,
470002,
470006,
470017,
370177,
470026,
470027,
470030,
470036,
470056,
470082,
470109,
470114,
470116,
370247,
470187,
470189,
470190,
470191,
470192,
470193,
470194,
470196,
470197,
470208,
470224,
470227,
470228,
470235,
470239,
470241,
470242,
470243,
470246,
470250,
470251,
470259,
470260,
470261,
470263,
470268,
470273,
470274,
470276,
470278,
470280,
470290,
470294,
470304,
470305,
470307,
470308,
470343,
470360,
470362,
470368,
470373,
470385,
470387,
470389,
470396,
470402,
470410,
470417,
470429,
470430,
370366,
470433,
370378,
370388,
470450,
470481,
470511,
470525,
370442,
370444,
470538,
370455,
370474,
370479,
370480,
370483,
370484,
470568,
370500,
370506,
370510,
370513,
370514,
470582,
470583,
470584,
470587,
470593,
470594,
470596,
470597,
370530,
470603,
370531,
370532,
470608,
470609,
370550,
470638,
470640,
470644,
470672,
470677,
470679,
470680,
370577,
470682,
470683,
470685,
470694,
470698,
470699,
470706,
370601,
470714,
470716,
470722,
370611,
370627,
470768,
470775,
370638,
370641,
370647,
370656,
470818,
470822,
470825,
370701,
470843,
470863,
470868,
470872,
470894,
370777,
371149,
371263,
371265,
371267,
371269,
371302,
371326,
371881,
371891,
371897,
371910,
371919,
371926,
371927,
371934,
371945,
371946,
371947,
371953,
372002,
372022,
372028,
372048,
372051,
372061,
372127,
372250,
570750,
570751,
372350,
372455,
372528,
372781,
372828,
372834,
372844,
372948,
372949,
373454,
373550,
373551,
373562,
373822,
373936,
373937,
373948,
373989,
374000,
374147,
374160,
374286,
374321,
374476,
374560,
374879,
374943,
374996,
375067,
375253,
375265,
375278,
375994,
485883,
687311,
687836,
688009,
688302,
688350,
688406,
688582,
688927,
689054,
689121,
689191,
689591,
689913,
689951,
689968,
690133,
690342,
690374,
690770,
690956,
691126,
691127,
691168,
691181,
691520,
691652,
691666,
691681,
691694,
691928,
692273,
692433,
692631,
692766,
692815,
692816,
692934,
692950,
693099,
693105,
693180,
693181,
693191,
693361,
693431,
693461,
693479,
693575,
693661,
693887,
693888,
693988,
694043,
694052,
694066,
694202,
694204,
694205,
694206,
694253,
694287,
694500,
694501,
694511,
694807,
694856,
695003,
695127,
695292,
695307,
695398,
695399,
695478,
695713,
695725,
695729,
695730,
695747,
695844,
695905,
695955,
696114,
696240,
696326,
696327,
696336,
696346,
696373,
696374,
696384,
696402,
696421,
696506,
696620,
696795,
696825,
696938,
697009,
697286,
697303,
697319,
697325,
697328,
286390,
697384,
697459,
697581,
697607,
697707,
697712,
697882,
697898,
697920,
697933,
698168,
698180,
698203,
698254,
698266,
698359,
698602,
698710,
699048,
699088,
699400,
699434,
699887,
699888,
699908,
700160,
700186,
700415,
700567,
700571,
700632,
700639,
700658,
700974,
701137,
701417,
701482,
701619,
702109,
702244,
702303,
702457,
702950,
703106,
703113,
703119,
703226,
703227,
703228,
703251,
703318,
703678,
703779,
703916,
704061,
704105,
704106,
704111,
704159,
704199,
704272,
704366,
704414,
704423,
704464,
704621,
704655,
704669,
704679,
704859,
704977,
704996,
705033,
705041,
705247,
705446,
705451,
705549,
705669,
705685,
706432,
706837,
707000,
707003,
707076,
707118,
707214,
707222,
707275,
707418,
707826,
707849,
707906,
707972,
708076,
708170,
708304,
708380,
708523,
708544,
708573,
708636,
708728,
708738,
708747,
708760,
708788,
708849,
708872,
708878,
708909,
708924,
708941,
708943,
708955,
708957,
709037,
709053,
709111,
709142,
709145,
709155,
709169,
709194,
709205,
709279,
709358,
709360,
709367,
709374,
709384,
709385,
709403,
709429,
709456,
709468,
709469,
709474,
709475,
709497,
709498,
709574,
709585,
709592,
709640,
709788,
709834,
709835,
709836,
709837,
709839,
709840,
709841,
709842,
709843,
709845,
709855,
709856,
709880,
305236,
182846,
182847,
182873,
182874,
182875,
182880,
182882,
182934,
183124,
183236,
183240,
183271,
183314,
183332,
183345,
183348,
183514,
183542,
183544,
183554,
183555,
183760,
183790,
183839,
183866,
183893,
183934,
183935,
184009,
184046,
184106,
184212,
184239,
184254,
184269,
184418,
184473,
184482,
184529,
184612,
184641,
184642,
184644,
184645,
184648,
184649,
184650,
184697,
184754,
184820,
184914,
184915,
184995,
184997,
185051,
185168,
185221,
185226,
185227,
185301,
185480,
185524,
185614,
185667,
185677,
185736,
185752,
185754,
185763,
185846,
185848,
185851,
185856,
185857,
185868,
185879,
185939,
185945,
186118,
186120,
186179,
186181,
186182,
186185,
186241,
186309,
186311,
186312,
186316,
186318,
186334,
186336,
186337,
186340,
186343,
186350,
186354,
186357,
186360,
186372,
186541,
186663,
186719,
186721,
186788,
186789,
186963,
186996,
187000,
187008,
187020,
187021,
187029,
187077,
187078,
187094,
187118,
187235,
187298,
187301,
187385,
187405,
187410,
187561,
187569,
187764,
187850,
187872,
187913,
188515,
188551,
188670,
188890,
188891,
188892,
188898,
188899,
188909,
188911,
188917,
188919,
188978,
189219,
189836,
189844,
189921,
189962,
189969,
189974,
189983,
190097,
190128,
190163,
190381,
190472,
190476,
190873,
190884,
190894,
190895,
191033,
191049,
191050,
191092,
191298,
191446,
191465,
191466,
191480,
191716,
191721,
191738,
191953,
191989,
192099,
192181,
192185,
192198,
192593,
192637,
192901,
192909,
193175,
193176,
193206,
193453,
193472,
193477,
193499,
194066,
194301,
194764,
195017,
195712,
195715,
195856,
196021,
196024,
196428,
196429,
196718,
197304,
197319,
197950,
198047,
198189,
198330